{
  "timestamp": "2026-02-07 17:06:53",
  "phase": "Phase 2 - SQL Integration",
  "model": "gemini-2.0-flash-lite",
  "sample_count": 47,
  "sql_enabled": true,
  "overall_scores": {
    "faithfulness": 0.3846790890269151,
    "answer_relevancy": 0.11159999492246975,
    "context_precision": 0.6323286051755551,
    "context_recall": 0.5760869565217391
  },
  "category_scores": [
    {
      "category": "simple",
      "count": 12,
      "faithfulness": 0.3527777777777778,
      "answer_relevancy": 0.23916313218717866,
      "context_precision": 0.6518518518205053,
      "context_recall": 0.6666666666666666
    },
    {
      "category": "complex",
      "count": 12,
      "faithfulness": 0.5694444444444445,
      "answer_relevancy": 0.0,
      "context_precision": 0.5090277777576446,
      "context_recall": 0.3333333333333333
    },
    {
      "category": "noisy",
      "count": 11,
      "faithfulness": 0.22380952380952382,
      "answer_relevancy": 0.1406422273290071,
      "context_precision": 0.5999999999694696,
      "context_recall": 0.7727272727272727
    },
    {
      "category": "conversational",
      "count": 12,
      "faithfulness": 0.37878787878787884,
      "answer_relevancy": 0.06901480620757137,
      "context_precision": 0.7657407407207599,
      "context_recall": 0.5454545454545454
    }
  ]
}