{
  "overall_scores": {
    "faithfulness": 0.5318402611880872,
    "answer_relevancy": 0.187987306286427,
    "context_precision": 0.7083031400715535,
    "context_recall": 0.6914893617021277
  },
  "category_results": [
    {
      "category": "simple",
      "count": 12,
      "avg_faithfulness": 0.37499999999999994,
      "avg_answer_relevancy": 0.2802672814358076,
      "avg_context_precision": 0.7119212962746286,
      "avg_context_recall": 0.6666666666666666
    },
    {
      "category": "complex",
      "count": 12,
      "avg_faithfulness": 0.7052884615384615,
      "avg_answer_relevancy": 0.13713765261688673,
      "avg_context_precision": 0.5430555555314353,
      "avg_context_recall": 0.5416666666666666
    },
    {
      "category": "noisy",
      "count": 11,
      "avg_faithfulness": 0.36261904761904756,
      "avg_answer_relevancy": 0.12739516547561666,
      "avg_context_precision": 0.7338383838137205,
      "avg_context_recall": 0.9545454545454546
    },
    {
      "category": "conversational",
      "count": 12,
      "avg_faithfulness": 0.65625,
      "avg_answer_relevancy": 0.20209978054982955,
      "avg_context_precision": 0.8590909090607071,
      "avg_context_recall": 0.625
    }
  ],
  "sample_count": 47,
  "model_used": "gemini-2.0-flash-lite"
}