{
  "overall_scores": {
    "faithfulness": 0.47753232293290593,
    "answer_relevancy": 0.22280972358369847,
    "context_precision": 0.7507092198280113,
    "context_recall": 0.6702127659574468
  },
  "category_results": [
    {
      "category": "simple",
      "count": 12,
      "avg_faithfulness": 0.3680555555555555,
      "avg_answer_relevancy": 0.3161945249728886,
      "avg_context_precision": 0.8805555555167709,
      "avg_context_recall": 0.6666666666666666
    },
    {
      "category": "complex",
      "count": 12,
      "avg_faithfulness": 0.6811274509803922,
      "avg_answer_relevancy": 0.12893576074963184,
      "avg_context_precision": 0.6013888888664121,
      "avg_context_recall": 0.5416666666666666
    },
    {
      "category": "noisy",
      "count": 11,
      "avg_faithfulness": 0.5078914141414141,
      "avg_answer_relevancy": 0.2521800573520441,
      "avg_context_precision": 0.6924242423951136,
      "avg_context_recall": 0.9545454545454546
    },
    {
      "category": "conversational",
      "count": 12,
      "avg_faithfulness": 0.3555847953216374,
      "avg_answer_relevancy": 0.19637607907425816,
      "avg_context_precision": 0.8236111110810068,
      "avg_context_recall": 0.5416666666666666
    }
  ],
  "sample_count": 47,
  "model_used": "gemini-2.0-flash-lite"
}