{
  "timestamp": "2026-02-07 18:22:45",
  "phase": "Phase 4 - Prompt Engineering + Classification + SQL Fallback",
  "model": "gemini-2.0-flash-lite",
  "sample_count": 47,
  "improvements": [
    "new_prompt",
    "conservative_classification",
    "sql_fallback"
  ],
  "overall_scores": {
    "faithfulness": 0.4753626692456479,
    "answer_relevancy": 0.0818391370775792,
    "context_precision": 0.7463061465449465,
    "context_recall": 0.6170212765957447
  },
  "category_scores": [
    {
      "category": "simple",
      "count": 12,
      "faithfulness": 0.34722222222222215,
      "answer_relevancy": 0.24627270341963373,
      "context_precision": 0.7598379629321345,
      "context_recall": 0.6666666666666666
    },
    {
      "category": "complex",
      "count": 12,
      "faithfulness": 0.6124999999999999,
      "answer_relevancy": 0.0,
      "context_precision": 0.6489583333111718,
      "context_recall": 0.4583333333333333
    },
    {
      "category": "noisy",
      "count": 11,
      "faithfulness": 0.3685950413223141,
      "answer_relevancy": 0.07357526041209443,
      "context_precision": 0.7106060605748106,
      "context_recall": 0.7727272727272727
    },
    {
      "category": "conversational",
      "count": 12,
      "faithfulness": 0.564236111111111,
      "answer_relevancy": 0.0,
      "context_precision": 0.8628472221974913,
      "context_recall": 0.5833333333333334
    }
  ]
}